City_ID,City,Lat,Lng,Max Temp,Humidity,Cloudiness,Wind Speed,Country,Date
0,codrington,-38.2667,141.9667,6.22,76,13,2.45,AU,1689691102
1,rapid city,44.0805,-103.231,25.61,70,0,3.09,US,1689691334
2,klyuchi,52.2667,79.1667,23.48,39,82,3.74,RU,1689691055
3,adamstown,-25.066,-130.1015,20.95,79,89,3.31,PN,1689691023
4,hawaiian paradise park,19.5933,-154.9731,24.73,91,75,3.6,US,1689691052
5,hamilton,39.1834,-84.5333,24.01,86,0,4.63,US,1689691335
6,broadstairs,51.3591,1.4394,22.65,60,75,4.47,GB,1689691335
7,albany,42.6001,-73.9662,27.12,76,37,0.45,US,1689690801
8,flying fish cove,-10.4217,105.6791,24.82,78,75,6.17,CX,1689691335
9,les avirons,-21.2418,55.3394,21.05,73,0,6.69,RE,1689691130
10,waitangi,-43.9535,-176.5597,10.46,86,68,3.13,NZ,1689691036
11,sao vicente,-23.9631,-46.3919,22.1,100,100,1.03,BR,1689691047
12,baijiantan,45.6333,85.1833,34.49,19,3,2.7,CN,1689691336
13,sligo,54.2697,-8.4694,19.22,88,40,5.66,IE,1689691086
14,bayanhongor,46.7167,100.1167,12.93,62,99,3.11,MN,1689691336
15,petropavlovsk-kamchatsky,53.0452,158.6483,11.33,100,0,2.0,RU,1689691038
16,la'ie,21.6477,-157.9253,25.98,82,41,4.02,US,1689691061
17,bilibino,68.0546,166.4372,12.95,85,15,0.64,RU,1689691021
18,talnakh,69.4865,88.3972,13.01,85,100,5.75,RU,1689691052
19,akureyri,65.6835,-18.0878,7.96,81,100,7.2,IS,1689691079
20,iqaluit,63.7506,-68.5145,5.85,100,100,2.57,CA,1689691078
21,seka,17.9285,103.9552,25.56,93,100,2.37,TH,1689691337
22,edinburgh of the seven seas,-37.0676,-12.3116,14.2,90,100,13.1,SH,1689691027
23,atafu village,-8.5421,-172.5159,27.16,83,74,3.52,TK,1689691025
24,lihue,21.9789,-159.3672,24.77,89,100,9.26,US,1689691033
25,arraial do cabo,-22.9661,-42.0278,22.98,83,40,3.6,BR,1689691032
26,cajabamba,-7.6167,-78.05,16.11,52,12,3.11,PE,1689691338
27,opuwo,-18.0607,13.84,25.16,11,0,3.97,NA,1689691338
28,novaya igirma,57.1334,103.9112,13.49,66,19,0.32,RU,1689691338
29,badger,64.8,-147.5333,16.93,85,75,2.57,US,1689690990
30,thompson,55.7435,-97.8558,15.09,82,20,1.03,CA,1689691034
31,pisco,-13.7,-76.2167,19.45,72,100,4.63,PE,1689691117
32,bethel,41.3712,-73.414,28.14,76,0,3.09,US,1689691026
33,iskateley,67.6803,53.1512,19.54,74,99,1.11,RU,1689691037
34,priargunsk,50.3691,119.1012,18.15,91,100,1.48,RU,1689691339
35,mossel bay,-34.1831,22.146,18.96,84,22,9.93,ZA,1689691132
36,yellowknife,62.456,-114.3525,17.29,67,100,3.09,CA,1689691039
37,anadyr,64.75,177.4833,17.28,72,0,3.0,RU,1689691051
38,west island,-12.1568,96.8225,25.99,78,75,9.26,CC,1689691027
39,longyearbyen,78.2186,15.6401,9.91,62,0,5.14,SJ,1689691036
40,stanley,54.868,-1.6985,14.29,91,75,1.03,GB,1689691040
41,ikwiriri,-7.9562,38.9716,25.59,67,5,3.85,TZ,1689691340
42,mandera,3.9366,41.867,33.36,29,55,8.21,KE,1689691340
43,shimoda,34.6667,138.95,25.94,89,100,3.52,JP,1689691340
44,nuku'alofa,-21.1333,-175.2,20.19,77,20,4.63,TO,1689691126
45,governador valadares,-18.8511,-41.9494,31.04,36,10,2.03,BR,1689691282
46,port-aux-francais,-49.35,70.2167,5.09,83,84,16.23,TF,1689690935
47,tidjikja,18.5564,-11.4271,38.52,25,98,5.61,MR,1689691341
48,puerto natales,-51.7236,-72.4875,-5.75,86,40,2.06,CL,1689691023
49,aykhal,66.0,111.5,11.44,82,22,5.29,RU,1689690814
50,east london,-33.0153,27.9116,19.65,65,20,4.69,ZA,1689690838
51,dalnerechensk,45.9339,133.7225,19.63,93,62,0.48,RU,1689691341
52,odda,60.0691,6.5457,14.32,98,100,2.77,NO,1689691342
53,mogocha,53.7333,119.7667,16.08,98,100,1.99,RU,1689691342
54,fomboni,-12.28,43.7425,25.6,76,16,7.45,KM,1689691342
55,ushuaia,-54.8,-68.3,3.81,65,40,2.06,AR,1689690765
56,susuman,62.7833,148.1667,11.82,66,79,1.46,RU,1689691061
57,olonkinbyen,70.9221,-8.7187,4.54,91,48,8.51,SJ,1689691084
58,margate,51.3813,1.3862,22.71,60,79,4.47,GB,1689691088
59,zaozersk,69.4005,32.4476,18.32,69,100,3.6,RU,1689691113
60,hermanus,-34.4187,19.2345,14.03,77,54,12.2,ZA,1689691038
61,hithadhoo,-0.6,73.0833,27.96,72,60,1.76,MV,1689691116
62,walvis bay,-22.9575,14.5053,30.53,20,0,6.69,NA,1689691029
63,punta arenas,-53.15,-70.9167,3.06,81,0,8.23,CL,1689690985
64,grytviken,-54.2811,-36.5092,-4.58,79,22,3.67,GS,1689691034
65,invercargill,-46.4,168.35,9.26,75,16,4.49,NZ,1689691036
66,suez,29.9737,32.5263,39.28,15,0,4.1,EG,1689691344
67,college,64.8569,-147.8028,16.97,82,75,2.57,US,1689691031
68,den helder,52.9599,4.7593,22.77,77,100,4.63,NL,1689691344
69,blackmans bay,-43.0167,147.3167,6.4,74,29,6.74,AU,1689691026
70,tura,25.5198,90.2201,25.2,94,97,1.45,IN,1689691041
71,tual,-5.6667,132.75,26.58,82,5,9.15,ID,1689691344
72,udachny,66.4167,112.4,13.65,73,75,6.17,RU,1689690972
73,isafjordur,66.0755,-23.124,9.02,81,0,3.6,IS,1689691046
74,mahibadhoo,3.7833,72.9667,28.75,73,74,3.76,MV,1689691345
75,tolanaro,-25.0319,46.9987,23.04,78,20,6.69,MG,1689691113
76,schwarzheide,51.4833,13.8667,26.03,35,93,2.66,DE,1689691345
77,papatowai,-46.5619,169.4708,10.57,65,35,5.94,NZ,1689691034
78,gabes,33.8815,10.0982,40.98,12,0,6.17,TN,1689691345
79,nova sintra,14.8667,-24.7167,22.67,74,19,7.25,CV,1689691130
80,karratha,-20.7377,116.8463,20.86,35,13,2.89,AU,1689691346
81,port elizabeth,-33.918,25.5701,18.94,77,20,8.23,ZA,1689691109
82,ust-nera,64.5667,143.2,16.84,44,44,2.47,RU,1689691029
83,hami,42.8,93.45,32.16,22,98,3.98,CN,1689691346
84,utrik,11.2278,169.8474,27.97,80,55,6.05,MH,1689691038
85,bhimunipatnam,17.8833,83.4333,25.73,91,100,4.85,IN,1689691346
86,kaoma,-14.7833,24.8,26.48,18,1,2.06,ZM,1689691108
87,tiksi,71.6872,128.8694,5.33,72,37,4.1,RU,1689691041
88,luderitz,-26.6481,15.1594,19.77,62,0,10.01,NA,1689691347
89,la passe,45.5549,-0.8967,30.13,55,2,7.95,FR,1689691038
90,port lincoln,-34.7333,135.8667,11.22,78,6,6.81,AU,1689691083
91,laghouat,33.8,2.8651,39.99,6,24,4.38,DZ,1689691347
92,qaqortoq,60.7167,-46.0333,8.64,93,100,1.68,GL,1689691080
93,bredasdorp,-34.5322,20.0403,14.13,68,73,11.3,ZA,1689691026
94,staryy dobrotvir,50.2315,24.377,23.75,52,5,4.33,UA,1689691348
95,beyneu,45.3167,55.2,27.78,33,29,9.25,KZ,1689691348
96,kerikeri,-35.2268,173.9474,9.03,95,13,1.48,NZ,1689691101
97,kalampaka,39.7044,21.6269,36.49,31,0,5.73,GR,1689691348
98,maceio,-9.6658,-35.7353,27.69,65,75,5.14,BR,1689691231
99,margaret river,-33.95,115.0667,13.31,77,88,9.85,AU,1689691031
100,upper dir,35.2058,71.8756,25.96,84,60,1.69,PK,1689691349
101,vorgashor,67.5833,63.95,20.27,72,79,3.07,RU,1689691045
102,lata,40.1629,-8.3327,25.6,27,0,4.79,PT,1689691039
103,port alfred,-33.5906,26.891,17.88,88,15,1.79,ZA,1689691101
104,whitehorse,60.7161,-135.0538,12.43,82,75,2.57,CA,1689691079
105,sao tome,0.3365,6.7273,28.02,74,75,5.14,ST,1689691349
106,cabo san lucas,22.8909,-109.9124,31.45,67,40,3.81,MX,1689690628
107,ilulissat,69.2167,-51.1,8.01,87,75,3.09,GL,1689691039
108,cadale,2.7603,46.3222,25.55,79,24,9.74,SO,1689691350
109,georgetown,5.4112,100.3354,29.97,74,20,1.03,MY,1689691024
110,wailua homesteads,22.0669,-159.378,24.44,91,100,9.26,US,1689691029
111,barro alto,-11.7608,-41.9117,27.49,31,1,4.66,BR,1689691350
112,tokmok,42.8417,75.3016,30.05,27,84,2.74,KG,1689691351
113,coquimbo,-29.9533,-71.3436,17.85,42,0,4.63,CL,1689691053
114,malango,-2.9627,119.9001,19.4,96,83,0.73,ID,1689691067
115,khash,28.2211,61.2158,34.35,12,19,9.03,IR,1689691351
116,happy valley-goose bay,53.3168,-60.3315,26.17,61,40,8.75,CA,1689691120
117,touros,-5.1989,-35.4608,28.31,65,35,7.8,BR,1689691050
118,villa gesell,-37.2639,-56.973,7.81,61,12,4.16,AR,1689691036
119,poso,-1.3959,120.7524,25.78,82,100,1.6,ID,1689691352
120,mthatha,-31.5889,28.7844,27.31,17,0,5.14,ZA,1689691352
121,sitka,57.0531,-135.33,13.94,82,75,2.06,US,1689690978
122,rosso,16.4986,-15.8153,36.87,37,100,3.71,SN,1689691352
123,al jadid,27.05,14.4,37.68,12,0,5.22,LY,1689691353
124,alofi,-19.0595,-169.9187,20.94,78,100,5.14,NU,1689691055
125,marsh harbour,26.5412,-77.0636,29.41,73,87,4.98,BS,1689691353
126,fale old settlement,-9.3852,-171.2468,27.48,80,100,3.85,TK,1689691107
127,ribadesella,43.4614,-5.0596,22.75,80,46,2.02,ES,1689691068
128,tsiombe,-25.3,45.4833,20.78,83,0,4.9,MG,1689691353
129,ouesso,1.6136,16.0517,28.8,63,100,0.14,CG,1689691354
130,port hedland,-20.3167,118.5667,17.03,77,37,1.54,AU,1689691354
131,cannonvale,-20.2833,148.7,20.66,89,24,5.69,AU,1689691354
132,kodiak,57.79,-152.4072,11.73,94,100,4.12,US,1689691024
133,palikir - national government center,6.9248,158.1611,25.41,94,100,2.06,FM,1689691354
134,nemuro,43.3236,145.575,13.07,94,100,2.44,JP,1689691055
135,ancud,-41.8697,-73.8203,5.09,76,100,2.14,CL,1689691121
136,gadzhiyevo,69.2551,33.3362,18.35,64,100,1.74,RU,1689691049
137,vadso,70.0744,29.7487,19.09,68,40,2.06,NO,1689691101
138,kimbe,-5.5502,150.1429,23.32,88,35,2.56,PG,1689691355
139,ovria,38.1833,21.7167,38.96,43,0,1.11,GR,1689691355
140,vila franca do campo,37.7167,-25.4333,22.23,63,88,1.04,PT,1689691053
141,labrador city,52.9463,-66.9114,20.95,56,40,6.17,CA,1689691355
142,havre,49.5833,0.3333,27.97,50,0,4.12,FR,1689691356
143,acarau,-2.8856,-40.12,31.33,48,0,6.75,BR,1689690809
144,mananjary,-21.2167,48.3333,21.38,80,4,1.96,MG,1689691356
145,suntar,62.1444,117.6319,10.63,80,97,2.14,RU,1689691356
146,prince rupert,54.3161,-130.3201,14.83,94,100,8.23,CA,1689691316
147,champerico,14.3,-91.9167,29.3,71,100,0.49,GT,1689691356
148,plettenberg bay,-34.0527,23.3716,16.3,78,7,2.79,ZA,1689691357
149,port mathurin,-19.6833,63.4167,23.34,84,100,12.37,MU,1689691039
150,miyako,39.6367,141.9525,21.29,98,100,1.14,JP,1689691357
151,sisimiut,66.9395,-53.6735,8.65,92,100,1.33,GL,1689691028
152,rio verde,21.9333,-99.9833,24.46,59,29,1.49,MX,1689691357
153,birao,10.2849,22.7882,34.22,42,11,1.78,CF,1689691357
154,manokwari,-0.8667,134.0833,26.44,80,99,1.18,ID,1689691118
155,lido di ostia,41.7321,12.2765,41.25,53,0,7.72,IT,1689691358
156,weno,7.4515,151.8468,26.97,89,100,2.06,FM,1689691027
157,page,36.9147,-111.4558,30.62,25,0,1.54,US,1689691358
158,bocas del toro,9.3333,-82.25,25.43,79,100,1.6,PA,1689691358
159,avarua,-21.2078,-159.775,20.03,100,75,1.03,CK,1689691041
160,sault ste. marie,46.5168,-84.3333,16.31,90,100,2.57,CA,1689691359
161,ebon,4.582,168.6964,28.52,78,93,6.57,MH,1689691044
162,mumford,5.2618,-0.759,25.8,84,54,6.99,GH,1689691359
163,rikaze,29.25,88.8833,8.94,88,100,1.21,CN,1689691115
164,ducheng,23.2373,111.5317,25.27,97,98,1.73,CN,1689691359
165,luga,58.7372,29.8453,17.86,86,100,1.02,RU,1689691359
166,quellon,-43.1167,-73.6167,0.14,100,0,0.0,CL,1689691032
167,charters towers,-20.1,146.2667,15.92,79,55,4.52,AU,1689691360
168,new norfolk,-42.7826,147.0587,7.06,74,73,3.42,AU,1689691084
169,kenai,60.5544,-151.2583,11.75,98,40,0.0,US,1689691360
170,glienicke,52.6335,13.3256,26.06,40,100,0.45,DE,1689691360
171,lompoc,34.6391,-120.4579,19.21,94,75,0.0,US,1689691045
172,guarapari,-20.6667,-40.4975,29.38,66,6,3.46,BR,1689691360
173,kudahuvadhoo,2.6708,72.8944,28.79,71,57,2.7,MV,1689691042
174,ampanihy,-24.7,44.75,22.67,46,0,4.5,MG,1689691361
175,tazovsky,67.4667,78.7,16.11,65,63,3.72,RU,1689691126
176,daru,-9.0763,143.2092,23.96,87,9,4.88,PG,1689691040
177,puerto aysen,-45.4,-72.7,1.42,72,100,0.43,CL,1689691361
178,myanaung,18.2833,95.3167,27.53,72,100,2.39,MM,1689691361
179,hasaki,35.7333,140.8333,24.22,87,100,2.94,JP,1689691117
180,brownsburg-chatham,45.6834,-74.4159,20.82,75,89,1.47,CA,1689691361
181,qarazhal,48.0078,70.7903,31.04,23,94,1.16,KZ,1689691362
182,nar'yan-mar,67.6713,53.087,19.64,74,99,1.13,RU,1689691062
183,taro,-8.3862,115.28,22.0,90,82,1.23,ID,1689691362
184,thurso,58.5927,-3.5259,14.92,78,99,4.96,GB,1689691362
185,saldanha,-33.0117,17.9442,16.03,81,63,6.95,ZA,1689691090
186,al hawatah,13.4167,34.6333,38.21,26,27,1.83,SD,1689691362
187,puerto san jose,13.9256,-90.8244,29.06,63,86,1.22,GT,1689691362
188,ostersund,63.1792,14.6357,13.25,35,40,5.14,SE,1689691111
189,jamestown,42.097,-79.2353,22.77,93,75,3.6,US,1689690906
190,carolina beach,34.0352,-77.8936,32.03,74,73,1.84,US,1689691054
191,magistral'nyy,56.1725,107.4458,11.41,84,7,1.83,RU,1689691363
192,saipan,15.1355,145.701,28.14,100,40,2.57,MP,1689691029
193,manakara,-22.1333,48.0167,21.15,81,2,2.26,MG,1689691363
194,puerto ayora,-0.7393,-90.3518,26.98,92,65,4.02,EC,1689691046
195,prabumulih,-3.45,104.25,23.47,87,44,1.56,ID,1689691125
196,lebu,-37.6167,-73.65,10.16,58,100,3.96,CL,1689691022
197,calvi,42.5,8.8333,28.35,62,0,2.57,FR,1689691364
198,novodvinsk,64.4165,40.8122,23.25,47,95,2.59,RU,1689691364
199,basco,20.4487,121.9702,29.01,78,100,6.11,PH,1689691132
200,urengoy,65.9667,78.3667,19.41,57,100,2.59,RU,1689691118
201,kissidougou,9.1848,-10.0999,23.45,93,98,1.09,GN,1689691364
202,coahuayana de hidalgo,18.7,-103.6583,29.73,68,98,1.27,MX,1689691365
203,aasiaat,68.7098,-52.8699,3.04,93,100,3.24,GL,1689691031
204,qamdo,31.1667,97.2333,6.34,75,57,1.51,CN,1689691365
205,salinopolis,-0.6136,-47.3561,29.58,65,5,5.52,BR,1689691365
206,bardai,11.65,7.2333,35.01,33,44,3.44,NG,1689691130
207,mutuali,-14.8706,37.0044,24.3,38,47,2.36,MZ,1689691365
208,suva,-18.1416,178.4415,20.71,78,75,2.06,FJ,1689691046
209,trairi,-3.2778,-39.2689,31.24,47,0,6.89,BR,1689691073
210,khilok,51.3674,110.4676,13.98,76,3,2.45,RU,1689691366
211,mezhdurechensk,53.6942,88.0603,17.7,83,11,1.1,RU,1689691366
212,arvayheer,46.2639,102.775,13.94,84,100,2.85,MN,1689691366
213,cururupu,-1.8283,-44.8683,31.05,51,1,3.97,BR,1689691307
214,yalutorovsk,56.6536,66.3006,20.33,77,100,8.57,RU,1689691366
215,coyhaique,-45.5752,-72.0662,-8.03,93,100,0.0,CL,1689691366
216,chivilcoy,-34.8957,-60.0167,7.26,52,68,3.03,AR,1689691366
217,berlin,52.5244,13.4105,27.21,39,0,5.36,DE,1689690695
218,mahina,-17.5065,-149.489,24.87,69,20,4.63,PF,1689691367
219,hassi messaoud,31.6804,6.0729,43.58,8,32,6.91,DZ,1689691093
220,obigarm,38.7173,69.7088,27.29,23,15,1.93,TJ,1689691367
221,wenchang,30.904,118.4887,25.78,93,100,1.63,CN,1689691367
222,usinsk,65.9939,57.5281,23.47,55,63,3.28,RU,1689691368
223,nuuk,64.1835,-51.7216,10.34,100,100,2.06,GL,1689691049
224,veinticinco de mayo,-35.4323,-60.1727,7.5,46,37,3.3,AR,1689691368
225,mount pearl,47.5166,-52.7813,25.19,85,75,9.26,CA,1689691064
226,crane,31.3974,-102.3501,30.63,41,0,8.7,US,1689691368
227,upata,8.0086,-62.3989,28.44,52,12,2.9,VE,1689691368
228,sungai penuh,-2.0833,101.3833,18.56,99,99,1.38,ID,1689691113
229,alaghsas,17.0187,8.0168,41.94,19,40,4.12,NE,1689691369
230,sleaford,52.9983,-0.4094,18.92,73,100,4.63,GB,1689691369
231,saint-pierre,-21.3393,55.4781,22.82,73,0,6.69,RE,1689691124
232,misratah,32.3754,15.0925,30.9,58,0,6.17,LY,1689691369
233,ribeira grande,38.5167,-28.7,22.65,73,20,2.24,PT,1689691061
234,san rafael,-34.6177,-68.3301,11.26,35,81,5.12,AR,1689690928
235,al jawf,29.5,38.75,39.01,9,0,5.55,SA,1689691102
236,port saint john's,-31.6229,29.5448,22.26,57,3,3.53,ZA,1689691122
237,nguigmi,14.2495,13.1092,38.13,27,37,5.18,NE,1689691037
238,syzran',53.1585,48.4681,24.21,46,75,3.92,RU,1689691370
239,urangan,-25.3,152.9,17.02,84,1,4.29,AU,1689691370
240,kharp,66.8014,65.8081,21.65,68,70,0.9,RU,1689691370
241,port macquarie,-31.4333,152.9167,11.35,81,5,3.08,AU,1689691098
242,macia,-25.0269,33.0989,21.19,41,0,2.56,MZ,1689691371
243,port blair,11.6667,92.75,29.02,79,75,5.14,IN,1689691371
244,laguna,38.421,-121.4238,27.2,64,0,3.6,US,1689691032
245,masterton,-40.9597,175.6575,12.16,93,21,1.56,NZ,1689691091
246,ishikawa,26.4233,127.8214,28.98,84,20,4.12,JP,1689691371
247,kaiama,9.6225,3.9481,31.52,61,98,1.67,NG,1689691371
248,praia da vitoria,38.7333,-27.0667,23.2,68,75,1.2,PT,1689691030
249,kavaratti,10.5669,72.642,28.13,81,83,8.27,IN,1689691372
250,sidhi,24.4167,81.8833,30.44,67,84,2.97,IN,1689691372
251,rexburg,43.826,-111.7897,20.0,57,0,0.0,US,1689691373
252,nelson bay,-32.7167,152.15,15.56,90,6,4.02,AU,1689691373
253,antsiranana,-12.2787,49.2917,26.42,53,20,5.14,MG,1689691373
254,harper,4.375,-7.7169,26.06,73,100,4.99,LR,1689691106
255,khandyga,62.6667,135.6,16.72,98,64,2.43,RU,1689691022
256,tshabong,-26.05,22.45,23.78,15,0,2.72,BW,1689691374
257,liaoyuan,42.9036,125.1358,20.06,89,0,1.32,CN,1689691231
258,katsuura,35.1333,140.3,25.39,90,100,3.53,JP,1689691374
259,new plymouth,-39.0667,174.0833,12.12,94,34,4.11,NZ,1689691374
260,kassala,15.451,36.4,38.81,21,7,4.08,SD,1689691247
261,naze,28.3667,129.4833,27.51,82,90,5.26,JP,1689691103
262,andergrove,-21.0833,149.1833,18.11,89,9,4.95,AU,1689691375
263,sibut,5.718,19.0739,29.18,73,52,2.85,CF,1689691375
264,yokadouma,3.5167,15.05,28.53,62,100,0.6,CM,1689691375
265,prado,-17.3411,-39.2208,26.57,64,7,4.98,BR,1689691375
266,sao joao da barra,-21.6403,-41.0511,28.05,69,14,2.42,BR,1689691376
267,salinas,36.6777,-121.6555,16.45,90,75,2.57,US,1689691188
268,uturoa,-16.7333,-151.4333,25.95,71,7,5.85,PF,1689691061
269,el calafate,-50.3408,-72.2768,-3.21,66,91,0.57,AR,1689691126
270,hakui,36.8833,136.7833,27.36,89,100,2.14,JP,1689691376
271,nacimiento,-37.5,-72.6667,3.43,67,100,0.86,CL,1689691376
272,bamboo flat,11.7,92.7167,29.05,79,75,5.14,IN,1689691376
273,carbonear,47.7332,-53.2148,25.91,89,69,6.5,CA,1689691377
274,fort portal,0.6617,30.2748,27.35,32,69,0.35,UG,1689691377
275,vilyuysk,63.7553,121.6247,9.83,94,25,2.31,RU,1689691377
276,verkhnyaya sinyachikha,57.976,61.6673,16.09,98,100,0.78,RU,1689691377
277,kayangel,8.0823,134.7173,26.95,81,100,9.57,PW,1689691377
278,yung shue wan,22.2333,114.1167,29.82,86,100,5.07,HK,1689691377
279,tralee,52.2704,-9.7026,17.6,79,42,4.44,IE,1689691034
280,westport,41.1415,-73.3579,29.62,81,40,3.6,US,1689691043
281,barra de santo antonio,-9.4047,-35.5072,27.6,67,11,4.46,BR,1689691378
282,bubaque,11.2833,-15.8333,26.28,83,99,4.19,GW,1689691040
283,nizhnesortymskiy,62.4397,71.7603,24.31,49,70,3.12,RU,1689691378
284,san antonio de pale,-1.4014,5.6325,23.44,84,25,4.65,GQ,1689691030
285,polyarnyy,69.1989,33.4478,17.96,66,100,1.48,RU,1689691053
286,puerto colombia,10.9878,-74.9547,29.05,67,100,0.75,CO,1689691378
287,ngama,11.7833,17.1667,37.5,30,70,1.2,TD,1689691090
288,mar del plata,-38.0023,-57.5575,7.19,73,0,3.09,AR,1689690831
289,alliance,40.9153,-81.1059,23.27,87,8,2.73,US,1689691379
290,choele choel,-39.2667,-65.6833,5.18,59,87,4.58,AR,1689691379
291,guajara mirim,-10.7828,-65.3394,28.09,74,40,4.63,BR,1689691105
292,tarko-sale,64.9225,77.785,20.61,54,74,3.43,RU,1689691379
293,ta`u,-14.2336,-169.5144,26.53,79,71,3.14,AS,1689691085
294,brak,27.5496,14.2714,38.64,11,0,5.61,LY,1689691380
295,vittel,48.2009,5.9484,27.9,44,0,1.03,FR,1689691380
296,hadibu,12.65,54.0333,25.89,73,21,9.84,YE,1689691108
297,undurkhaan,47.3194,110.6556,19.15,67,100,2.32,MN,1689691380
298,nizhniy kuranakh,58.8353,125.4869,15.74,97,100,1.78,RU,1689691380
299,zeya,53.75,127.2667,20.3,63,69,1.84,RU,1689691380
300,rongelap,11.1635,166.8941,28.44,76,17,6.39,MH,1689691051
301,kutum,14.2,24.6667,35.06,17,88,1.47,SD,1689691380
302,dunedin,-45.8742,170.5036,8.15,81,60,2.19,NZ,1689691048
303,hoopeston,40.4673,-87.6684,23.89,58,100,1.79,US,1689691381
304,kingston,17.997,-76.7936,27.53,83,75,3.09,JM,1689691337
305,port douglas,-16.4833,145.4667,21.69,81,39,3.94,AU,1689691075
306,illizi,26.4833,8.4667,38.89,8,1,8.02,DZ,1689691381
307,egilsstadir,65.2653,-14.3948,9.95,71,75,6.69,IS,1689691381
308,ketchikan,55.3422,-131.6461,14.26,94,100,5.66,US,1689691381
309,kapa'a,22.0752,-159.319,25.18,88,100,9.26,US,1689691047
310,riachao,-7.3619,-46.6172,33.75,24,6,4.45,BR,1689691382
311,san patricio,28.017,-97.5169,31.06,52,7,4.9,US,1689691119
312,juneau,58.3019,-134.4197,13.45,96,75,3.6,US,1689691382
313,mikuni,36.2171,136.1519,25.95,87,100,2.94,JP,1689691382
314,kelso,46.1468,-122.9084,16.32,88,75,1.54,US,1689691382
315,saudarkrokur,65.7461,-19.6394,8.43,81,85,4.46,IS,1689691383
316,dhidhdhoo,6.8833,73.1,28.37,78,100,6.45,MV,1689691383
317,dudinka,69.4058,86.1778,13.91,75,100,6.67,RU,1689691043
318,tetyushi,54.9382,48.8366,21.46,63,97,3.43,RU,1689691383
319,kolokani,13.5728,-8.0339,35.8,34,70,3.99,ML,1689691082
320,woolgoolga,-30.1106,153.2007,11.93,81,13,2.66,AU,1689691383
321,la ronge,55.1001,-105.2842,17.14,67,75,4.63,CA,1689691383
322,berdigestyakh,62.0989,126.6992,12.78,91,98,3.04,RU,1689691384
323,kristiansund,63.1115,7.732,14.03,71,75,6.69,NO,1689691045
324,tucson,32.2217,-110.9265,34.25,38,20,0.9,US,1689691294
325,jian'ou,27.0469,118.3253,26.33,88,99,1.23,CN,1689691384
326,harlingen,26.1906,-97.6961,31.06,88,40,7.72,US,1689691384
327,beli,7.8587,10.9719,31.69,63,89,0.91,NG,1689691384
328,portland,45.5234,-122.6762,17.01,80,0,2.57,US,1689690903
329,vydrino,51.485,104.8461,15.28,82,96,2.05,RU,1689691385
330,forster,-32.1667,152.5167,10.21,99,12,4.14,AU,1689691385
331,n'zeto,-7.2312,12.8666,23.59,76,12,4.56,AO,1689691385
332,bandarbeyla,9.4942,50.8122,24.43,80,73,15.23,SO,1689691385
333,muroto-misakicho,33.2833,134.15,26.84,91,100,5.52,JP,1689691385
334,leava,-14.3,-178.1667,26.42,82,100,11.99,WF,1689691385
335,broome,42.2506,-75.833,24.0,86,100,3.6,US,1689691386
336,afaahiti,-17.75,-149.2833,23.93,72,27,5.91,PF,1689691052
337,sultanah,24.4926,39.5857,45.25,5,20,3.6,SA,1689691386
338,hotan,37.0997,79.9269,35.31,13,3,0.77,CN,1689691109
339,nikolayevsk-on-amure,53.1406,140.73,13.46,85,4,1.34,RU,1689691386
340,dorentrup,52.0411,9.0028,25.07,33,82,3.19,DE,1689691386
341,sinabang,2.4803,96.3801,26.45,83,100,2.84,ID,1689691387
342,thurgoona,-36.0451,146.9919,5.92,100,40,1.79,AU,1689691387
343,ribeira brava,32.65,-17.0667,24.84,69,30,1.72,PT,1689691387
344,hilo,19.7297,-155.09,24.85,88,75,3.6,US,1689691240
345,rio grande,-32.035,-52.0986,8.3,65,100,4.57,BR,1689691051
346,noyabrsk,63.1994,75.4507,22.0,49,64,4.27,RU,1689691372
347,mount gambier,-37.8333,140.7667,4.45,86,8,1.0,AU,1689691123
348,unionville,35.0874,-80.509,30.63,69,0,1.54,US,1689691388
349,palamos,41.8484,3.1291,36.78,61,1,7.32,ES,1689691388
350,petropavlovka,50.6114,105.3196,14.48,78,31,2.1,RU,1689691388
351,essaouira,31.5125,-9.77,31.72,51,20,5.14,MA,1689691388
352,polovinnoye,54.7914,65.9864,17.85,94,73,5.52,RU,1689691388
353,hajipur,25.6833,85.2167,32.99,75,75,3.09,IN,1689690984
354,metlili chaamba,32.2667,3.6333,41.52,7,0,4.63,DZ,1689691389
355,reserve,30.0538,-90.5518,31.66,83,0,1.54,US,1689691389
356,kinwat,19.6333,78.2,23.89,96,100,6.66,IN,1689691389
357,swakopmund,-22.6833,14.5333,30.47,52,0,8.12,NA,1689691389
358,pago pago,-14.2781,-170.7025,24.55,100,100,3.6,AS,1689691389
359,cidade velha,14.9167,-23.6167,27.26,61,75,6.17,CV,1689691131
360,mirny,62.5353,113.9611,10.17,73,30,1.61,RU,1689691390
361,bada,51.392,109.8717,13.74,79,3,1.69,RU,1689691048
362,sitia,35.2,26.0986,27.31,61,0,9.52,GR,1689691390
363,yerseke,51.4925,4.05,27.23,54,40,4.68,NL,1689691390
364,fougamou,-1.2154,10.5838,33.57,41,91,1.2,GA,1689691390
365,enewetak,11.3474,162.3373,28.35,79,56,6.36,MH,1689691063
366,palmas,-10.2128,-48.3603,30.93,37,0,5.66,BR,1689690954
367,franceville,-1.6333,13.5836,25.25,83,100,0.99,GA,1689691391
368,kupang,-10.1667,123.5833,24.4,75,24,5.66,ID,1689691391
369,colesberg,-30.72,25.0972,18.54,22,0,9.63,ZA,1689691391
370,kill devil hills,36.0307,-75.676,29.43,73,0,1.54,US,1689691391
371,lae,-6.7221,146.9847,24.56,85,85,1.0,PG,1689691133
372,lutjenburg,54.2919,10.5895,21.56,50,78,5.44,DE,1689691391
373,takahagi,36.7167,140.7167,23.43,96,98,1.99,JP,1689691392
374,urzhar,47.093,81.6294,26.25,27,0,2.56,KZ,1689691392
375,armacao de buzios,-22.7469,-41.8817,25.03,75,51,3.63,BR,1689691392
376,thanh hoa,19.8,105.7667,25.43,85,100,1.47,VN,1689691128
377,sheldon,43.1811,-95.8561,19.52,72,0,3.09,US,1689691120
378,funafuti,-8.5243,179.1942,28.0,89,40,0.0,TV,1689691392
379,tindouf,27.6711,-8.1474,42.25,19,20,2.57,DZ,1689691067
380,nagqu,31.5,92.0,5.87,86,68,2.84,CN,1689691031
381,ati,13.2154,18.3353,38.17,27,64,2.89,TD,1689691393
382,mournies,35.4764,24.0092,32.13,45,0,5.14,GR,1689691393
383,tonghae,37.5439,129.1069,22.27,94,98,1.22,KR,1689691393
384,skovorodino,53.9833,123.9167,17.47,93,52,1.11,RU,1689691393
385,korla,41.7597,86.1469,32.06,23,46,5.92,CN,1689691128
386,callao,-12.0667,-77.15,23.18,60,40,1.03,PE,1689691066
387,kailua-kona,19.6406,-155.9956,25.98,79,20,6.69,US,1689691394
388,dokshytsy,54.8924,27.7689,16.3,73,100,5.86,BY,1689691394
389,arica,-18.475,-70.3042,19.13,68,100,2.06,CL,1689691394
390,jesenik,50.2294,17.2046,26.04,38,8,3.45,CZ,1689691394
391,bowen,-20.0167,148.2333,17.67,88,2,4.42,AU,1689691395
392,haiku-pauwela,20.9219,-156.3051,23.47,82,100,6.69,US,1689691395
393,coronel dorrego,-38.7187,-61.2873,7.73,31,44,3.31,AR,1689691395
394,talcahuano,-36.7167,-73.1167,8.82,71,0,3.09,CL,1689691395
395,porto novo,6.4965,2.6036,29.9,68,62,6.03,BJ,1689691396
396,laojunmiao,39.8333,97.7333,27.57,21,100,2.55,CN,1689691396
397,queenstown,-31.8976,26.8753,19.63,22,1,9.68,ZA,1689690944
398,isangel,-19.55,169.2667,21.96,81,98,6.64,VU,1689691031
399,jiangzi,28.95,89.6333,6.62,83,100,1.0,CN,1689691396
400,floro,61.5996,5.0328,12.98,71,75,5.14,NO,1689691397
401,sarnia,42.9787,-82.4041,22.19,65,0,3.09,CA,1689691397
402,kanker,20.2719,81.4931,24.5,93,99,3.2,IN,1689691092
403,chibougamau,49.9168,-74.3659,19.79,68,20,4.14,CA,1689691092
404,saint-denis,48.9167,2.3333,31.63,34,0,3.6,FR,1689691085
405,rawson,-43.3002,-65.1023,5.88,50,0,7.41,AR,1689691397
406,ushachy,55.1786,28.6035,16.03,84,100,5.77,BY,1689691398
407,xilin hot,43.9667,116.0333,21.35,50,65,3.94,CN,1689691398
408,novyye lyady,58.0536,56.6039,21.58,69,100,2.96,RU,1689691398
409,balykchy,42.4557,76.1861,23.22,79,49,1.37,KG,1689691398
410,arnedo,42.2167,-2.1,35.72,19,89,2.63,ES,1689691398
411,horasan,40.0458,42.1728,22.8,31,0,3.92,TR,1689691399
412,yatou,37.15,122.3833,21.94,79,0,0.93,CN,1689691077
413,middelburg,-25.7751,29.4648,18.15,21,0,3.48,ZA,1689691086
414,ciudad lazaro cardenas,17.9583,-102.2,28.95,66,98,1.31,MX,1689691399
415,buka,40.8108,69.1986,34.48,16,0,4.99,UZ,1689691104
416,ha tinh,18.3333,105.9,27.91,82,100,3.09,VN,1689691400
417,hinton,53.4001,-117.5857,13.93,76,100,1.87,CA,1689691400
418,broken hill,-31.95,141.4333,8.97,78,30,3.92,AU,1689691114
419,am timan,11.0297,20.2827,35.16,40,68,2.48,TD,1689691400
420,san julian,21.0167,-102.1667,18.73,61,50,3.47,MX,1689691091
421,kenitra,34.261,-6.5802,29.42,58,25,5.83,MA,1689691401
422,tarawa,1.419,172.984,27.05,89,75,1.03,KI,1689691401
423,nabire,-3.3667,135.4833,24.29,92,50,2.32,ID,1689691401
424,ringim,12.1548,9.1619,37.51,27,100,1.24,NG,1689691401
425,pervomayskoye,43.919,46.7102,30.43,26,23,4.47,RU,1689691402
426,saint-philippe,-21.3585,55.7679,22.77,79,38,5.51,RE,1689691050
427,borzya,50.3833,116.5167,17.1,90,100,3.52,RU,1689691402
428,machali,-34.1833,-70.6667,9.6,81,100,1.54,CL,1689691402
429,cabinda,-5.55,12.2,24.11,74,17,3.71,AO,1689691402
430,beloyarskiy,63.7119,66.6722,24.17,51,74,1.14,RU,1689691403
431,iwon-up,40.3231,128.6553,20.92,94,6,1.06,KP,1689691403
432,salekhard,66.53,66.6019,23.12,53,62,4.8,RU,1689691153
433,seinajoki,62.7945,22.8282,16.5,88,20,4.12,FI,1689691403
434,taytay,14.5678,121.1394,28.92,87,75,1.54,PH,1689691403
435,kegen,43.0197,79.2203,17.33,53,68,2.57,KZ,1689691294
436,yigo village,13.5361,144.8886,27.62,82,75,4.63,GU,1689691404
437,tazacorte,28.629,-17.9293,25.08,69,75,5.14,ES,1689691404
438,nurabad,34.0734,47.9725,30.04,10,0,3.83,IR,1689691404
439,camacari,-12.6975,-38.3242,26.87,60,31,3.97,BR,1689691404
440,awjilah,29.1081,21.2869,39.2,11,0,5.99,LY,1689691032
441,umluj,25.0213,37.2685,35.13,37,0,3.29,SA,1689691405
442,boa vista,2.8197,-60.6733,23.99,88,75,5.66,BR,1689691405
443,irvine,33.6695,-117.8231,27.6,90,20,1.54,US,1689691307
444,smithers,54.7804,-127.1743,12.18,82,40,2.06,CA,1689690910
445,wanparti,16.3667,78.0667,23.21,91,100,7.17,IN,1689691405
446,plastun,44.7561,136.2939,15.82,97,68,0.5,RU,1689691406
447,namibe,-15.1961,12.1522,24.47,47,0,3.34,AO,1689691067
448,keflavik,64.0049,-22.5624,12.95,71,20,6.69,IS,1689691063
449,ghanzi,-21.5667,21.7833,22.72,15,0,3.38,BW,1689691406
450,holualoa,19.6228,-155.9522,23.91,79,20,6.69,US,1689691054
451,lishui,28.4604,119.9103,25.66,98,100,1.16,CN,1689691406
452,kidal,18.4411,1.4078,41.72,15,13,5.5,ML,1689691406
453,brush,40.2589,-103.6238,26.62,46,0,5.02,US,1689691407
454,myeik,12.4333,98.6,25.84,89,100,7.01,MM,1689691407
455,tawau,4.2498,117.8871,26.07,80,100,1.01,MY,1689691407
456,baikonur,45.6167,63.3167,27.25,28,80,7.34,KZ,1689691407
457,benjamin aceval,-24.9667,-57.5667,12.08,39,9,3.39,PY,1689691408
458,homosassa springs,28.8036,-82.5759,32.77,74,75,2.57,US,1689691408
459,lebowakgomo,-24.2,29.5,24.5,22,0,1.53,ZA,1689691408
460,ishinomaki,38.4167,141.3,23.45,88,99,1.39,JP,1689690972
461,liberia,6.5,-9.5,23.11,97,100,0.98,LR,1689691408
462,st anne,49.715,-2.2042,20.25,72,20,4.12,GG,1689691408
463,yinchuan,38.4681,106.2731,29.5,23,1,3.95,CN,1689691409
464,maffra,-37.9667,146.9833,6.35,74,7,4.13,AU,1689691409
465,karachi,24.9056,67.0822,29.9,74,75,7.72,PK,1689691277
466,ubinskoye,55.3068,79.6802,20.36,57,96,4.04,RU,1689691409
467,ad dawadimi,24.5077,44.3924,41.64,7,25,5.47,SA,1689691409
468,las choapas,17.9333,-94.0833,28.55,77,95,1.25,MX,1689691213
469,saranac lake,44.3295,-74.1313,22.86,79,75,2.06,US,1689691409
470,anchorage,61.2181,-149.9003,14.64,93,75,1.54,US,1689691410
471,at taj,24.2049,23.2857,39.69,10,0,8.25,LY,1689691410
472,usogorsk,63.4106,48.6872,21.51,59,86,1.81,RU,1689691129
473,balykshi,47.0667,51.8667,30.0,28,40,9.0,KZ,1689691410
474,cho dok,10.7,105.1167,25.54,89,100,3.55,VN,1689691410
475,puerto deseado,-47.7503,-65.8938,4.23,66,13,7.7,AR,1689691411
476,vilyuchinsk,52.9306,158.4028,12.15,91,12,3.95,RU,1689691033
477,palafrugell,41.9174,3.1631,36.42,53,0,7.87,ES,1689691411
478,zhaotong,27.3167,103.7167,16.07,82,99,1.75,CN,1689691411
479,chiniot,31.72,72.9789,37.68,39,1,4.95,PK,1689691411
480,medina,24.4686,39.6142,45.24,5,20,3.6,SA,1689691182
481,al bawiti,28.3492,28.8659,38.4,13,0,6.89,EG,1689691412
482,st. john's,47.5649,-52.7093,25.66,84,75,9.26,CA,1689691412
483,ribeira do pombal,-10.8344,-38.5358,30.31,40,24,4.96,BR,1689691412
484,bikenibeu village,1.3673,173.1241,26.98,89,75,1.03,KI,1689691412
485,batouri,4.4333,14.3667,28.15,69,91,0.68,CM,1689691105
486,severo-yeniseyskiy,60.3725,93.0408,13.25,59,11,1.0,RU,1689691087
487,kolonia town,6.964,158.206,26.0,94,100,2.06,FM,1689691412
488,sorong,-0.8833,131.25,26.22,85,99,5.98,ID,1689691043
489,san mariano,7.5,126.0,23.11,86,100,0.79,PH,1689691413
490,howard springs,-12.497,131.047,23.95,67,22,1.55,AU,1689691085
491,seven pagodas,12.6264,80.1722,33.03,73,96,6.16,IN,1689691413
492,geraldton,-28.7667,114.6,17.23,82,75,4.12,AU,1689691087
493,mersing,2.4312,103.8405,24.95,100,40,2.06,MY,1689691413
494,mangochi,-14.4782,35.2645,23.71,39,3,1.5,MW,1689691414
495,kuta,-8.7233,115.1723,25.97,83,20,5.14,ID,1689691051
496,constantia,44.1833,28.65,34.38,57,55,7.61,RO,1689691076
497,korhogo,9.45,-5.6333,30.13,56,85,1.03,CI,1689691414
498,bayganin,48.6947,55.8742,23.04,46,99,6.5,KZ,1689691414
499,yeppoon,-23.1333,150.7333,17.88,87,71,4.04,AU,1689691414
500,kiiminki,65.1314,25.7974,17.09,67,99,2.69,FI,1689691415
501,kapoeta,4.7717,33.5903,33.36,31,59,3.35,SS,1689691415
502,chonchi,-42.6128,-73.8092,3.4,77,100,1.68,CL,1689691028
503,pariaman,-0.619,100.12,25.03,88,100,1.43,ID,1689691092
504,quchan,37.106,58.5095,24.72,47,0,5.53,IR,1689691415
505,gebeit,21.0667,36.3167,39.7,12,28,8.93,SD,1689691415
506,nova vicosa,-17.8919,-39.3719,27.11,61,49,4.88,BR,1689691416
507,chorleywood,51.65,-0.4833,24.01,54,75,4.12,GB,1689691416
508,mandalgovi,45.7625,106.2708,17.51,69,96,5.77,MN,1689691416
509,grand falls-windsor,48.9332,-55.6649,29.72,68,86,0.45,CA,1689691416
510,argostolion,38.1811,20.489,37.04,36,0,4.12,GR,1689691416
511,pemangkat,1.1667,108.9667,27.42,79,67,1.38,ID,1689691416
512,shindand,33.3029,62.1474,34.36,17,0,13.32,AF,1689691416
513,chui,-33.6971,-53.4616,9.39,64,100,2.5,UY,1689691121
514,fort mcmurray,56.7268,-111.381,15.77,94,0,1.54,CA,1689691417
515,xinyuan,37.3,99.0,7.53,82,100,2.97,CN,1689691417
516,kirishi,59.4471,32.0205,15.26,94,100,1.66,RU,1689691417
517,belmonte,-15.8631,-38.8828,26.61,58,8,3.42,BR,1689691418
518,fountain,38.6822,-104.7008,31.6,26,40,6.69,US,1689691418
519,sao francisco do sul,-26.2433,-48.6381,11.95,100,100,3.6,BR,1689691418
520,jardim de piranhas,-6.3786,-37.3519,32.93,35,1,5.92,BR,1689691418
521,port isabel,26.0734,-97.2086,32.02,77,75,5.14,US,1689691418
522,cole harbour,44.6724,-63.4751,24.96,93,100,4.12,CA,1689691419
523,plesetsk,62.708,40.2916,24.13,37,20,2.07,RU,1689691419
524,camana,-16.6228,-72.7111,19.62,71,3,4.27,PE,1689691419
525,kapuskasing,49.4169,-82.4331,16.05,94,100,3.6,CA,1689690942
526,quiindy,-25.9667,-57.2667,14.12,43,0,4.43,PY,1689691419
527,sonargaon,23.6422,90.6023,31.03,79,25,4.08,BD,1689691324
528,isiro,2.7739,27.616,27.97,60,31,2.03,CD,1689691420
529,altamira,-3.2033,-52.2064,31.05,66,40,3.09,BR,1689691420
530,oriximina,-1.7656,-55.8661,33.49,44,28,2.69,BR,1689691420
531,bakchar,57.0186,82.0711,19.75,59,100,1.86,RU,1689691420
532,antofagasta,-23.65,-70.4,16.6,50,3,3.49,CL,1689691045
533,cockburn town,21.4612,-71.1419,28.46,85,98,9.25,TC,1689691050
534,whakatane,-37.9585,176.9854,9.81,81,18,2.59,NZ,1689691420
535,beitbridge,-22.2167,30.0,24.23,23,0,2.43,ZW,1689691421
536,korsakov,46.6328,142.7813,12.91,96,18,2.03,RU,1689691421
537,gerash,27.6652,54.1371,41.08,16,7,6.39,IR,1689691421
538,sayreville junction,40.4654,-74.3304,29.99,79,0,2.06,US,1689691421
539,christchurch,-43.5333,172.6333,9.67,83,1,0.51,NZ,1689690940
540,guerrero negro,27.9769,-114.0611,21.87,73,0,4.08,MX,1689691046
541,barbacoas,1.6715,-78.1398,29.68,72,10,1.07,CO,1689691422
542,trinidad,-14.8333,-64.9,19.99,68,75,6.17,BO,1689691080
543,kirensk,57.7853,108.1119,15.55,67,90,0.46,RU,1689691422
544,toamasina,-18.1667,49.3833,24.0,73,40,5.14,MG,1689691422
545,igarka,67.4667,86.5833,15.42,69,99,3.0,RU,1689691422
546,astaneh-ye ashrafiyeh,37.2596,49.9444,19.96,89,100,2.75,IR,1689691423
547,asau,46.4333,26.4,29.51,55,56,2.58,RO,1689691423
548,lashio,22.9333,97.75,23.23,89,41,0.61,MM,1689691423
549,kokshetau,53.2775,69.3883,26.18,61,0,4.0,KZ,1689691423
550,zaterechnyy,44.7931,45.2097,27.48,35,96,4.4,RU,1689691423
551,uige,-7.6087,15.0613,34.53,14,8,1.14,AO,1689691424
552,las palmas de gran canaria,28.0997,-15.4134,27.07,61,20,11.32,ES,1689691424
553,cividale del friuli,46.0931,13.4275,35.21,50,39,2.57,IT,1689691424
554,ivdel',60.6911,60.4206,22.93,64,100,1.73,RU,1689691424
555,pacific grove,36.6177,-121.9166,13.7,94,75,2.57,US,1689691116
556,brigantine,39.4101,-74.3646,30.11,90,75,3.6,US,1689691425
557,kriva palanka,42.2019,22.3319,29.84,43,0,4.28,MK,1689691425
558,wuchuan,21.4571,110.7659,27.0,90,75,5.73,CN,1689691425
559,remire-montjoly,4.9167,-52.2667,30.02,62,75,3.6,GF,1689691064
560,idri,27.5,13.2667,38.67,12,0,4.71,LY,1689691123
561,inverell,-29.7833,151.1167,8.39,91,16,0.89,AU,1689691425
562,el nido,11.1858,119.3956,27.31,80,92,3.63,PH,1689691426
563,lethem,3.3803,-59.7968,29.1,68,67,2.37,GY,1689691026
564,la ferte-bernard,48.1863,0.6536,29.79,22,72,3.87,FR,1689691426
